S00175,S00176,S00177,S00207,S00212,S00213,S00214,S00215,S00217,S00218,S00219,S00220,S00221,S00222,S00223,S00224,S00241,S00242,S00243,S00267,S00269,S00270,S00271,S00292,S00293,S00297,S00299,S00300,S00306,S00309,S00310,S00312,S00315,S00316,S00326,S00338,S00353,S00355,S00356,S00358,S00360,S00361,S00363,S00364,S00365,S00394,S00395,S00397,S00411,S00438,S00442,S00457,S00467,S00469,S00473,S00474,S00475,S00477,S00479,S00480,S00484,S00486,S00488,S00489,S00490,S00491,S00492,S00495,S00496,S00497,S00499,S00509,S00513,S00516,S00517,S00518,S00519,S00520,S00525,S00526
1,66,0,79,3,5,6,0,21,44,46,87,6,0,83,30,20,20,1,12,157,2,211,149,0,6,250,6,2,0,107,18,103,0,73,32,48,654,113,43,150,14,2,77,51,5,12,4,0,22,0,0,4,5,4,8,0,5,18,0,0,2,6,5,0,3,52,3,4,8,5,10,12,3,2,10,3,3,15,31
2,90,84,78,7,3,16,36,50,74,78,171,6,78,108,59,47,33,31,19,224,12,347,184,7,32,448,11,12,14,92,0,151,11,101,57,37,879,109,36,183,41,3,83,64,7,8,5,178,23,30,80,11,20,9,25,0,7,23,0,0,9,8,26,0,2,83,1,4,24,6,29,26,4,2,15,3,17,27,40
7,96,57,80,4,5,9,24,61,84,51,134,5,57,117,51,27,31,19,6,431,0,707,302,13,8,889,25,6,23,160,7,435,2,207,179,14,524,109,3,159,7,8,50,34,12,5,14,86,56,24,60,11,27,7,18,53,2,21,16,1,8,7,3,46,5,84,0,4,30,8,34,26,5,2,20,3,12,20,26
26,113,0,84,17,6,24,24,44,62,41,182,9,47,209,89,40,28,20,2,421,7,694,364,5,25,666,5,2,6,128,0,343,5,188,113,12,859,202,1,109,12,7,59,35,8,12,8,63,4,28,200,10,29,18,10,37,4,22,18,0,8,15,3,41,4,82,3,3,19,7,17,17,4,2,14,3,12,27,20
1,92,0,16,6,5,8,23,57,71,55,180,1,33,143,57,47,27,10,4,152,53,277,127,52,1,279,37,4,80,108,20,185,41,92,65,87,1087,181,91,156,47,9,80,54,6,8,6,33,15,16,0,0,15,15,14,16,5,35,4,12,14,21,11,4,2,155,11,8,33,18,38,57,6,8,28,6,23,23,27
1,59,0,0,2,2,1,2,35,31,21,129,0,0,76,41,10,12,3,0,58,10,251,54,0,8,238,20,0,0,83,0,96,0,70,49,25,280,49,15,92,25,0,50,24,7,5,1,0,0,8,0,14,9,2,2,2,3,5,0,0,3,1,0,0,0,40,0,1,12,1,5,9,1,1,3,1,4,1,5
2,4,0,0,0,1,0,0,9,18,14,26,0,0,14,13,2,6,0,0,30,0,74,26,0,2,67,0,0,0,38,0,12,0,48,26,5,169,19,7,29,0,0,27,23,3,6,4,0,5,0,0,3,17,5,0,0,2,5,0,0,8,2,0,0,0,9,2,2,3,3,2,10,2,3,10,1,4,0,2
0,40,316,80,5,6,15,0,76,59,51,123,19,0,72,26,30,9,8,1,60,1,82,121,2,8,220,5,1,0,96,36,146,1,45,32,57,443,133,60,79,16,3,29,27,2,16,12,74,11,18,0,2,26,12,8,0,11,10,0,20,1,11,6,0,9,45,2,2,10,4,13,11,2,1,7,2,8,6,9
6,116,4,132,3,7,19,83,69,52,50,327,22,170,104,50,37,21,44,20,223,10,304,148,12,16,479,191,7,248,116,0,160,7,183,68,60,592,217,17,110,21,1,51,42,7,6,1,20,61,40,80,11,7,4,6,23,2,18,0,0,5,2,30,30,6,56,1,2,26,6,24,19,2,1,24,2,17,32,40
10,83,0,0,4,4,21,29,92,80,116,331,27,83,129,57,53,15,19,19,415,10,758,377,19,24,776,25,18,36,362,7,370,26,142,100,28,860,252,2,171,5,8,62,44,11,14,9,6,9,18,0,9,50,15,13,56,5,39,19,1,17,16,1,13,11,89,5,5,28,10,24,28,5,4,24,5,12,23,19
6,91,0,40,6,5,16,11,62,87,80,169,5,31,86,90,42,6,2,12,318,1,655,280,4,41,657,8,0,10,167,0,350,4,167,111,30,693,267,17,60,29,3,67,37,9,5,4,40,9,50,0,10,21,11,12,36,7,14,18,18,13,14,3,0,7,63,1,1,13,3,12,17,2,1,11,2,12,23,17
0,100,110,55,5,2,12,6,79,138,200,321,3,12,73,77,30,20,3,38,254,1,350,129,23,7,548,5,2,70,277,28,242,12,86,60,91,1147,254,91,168,36,2,59,60,6,11,10,24,24,19,60,9,37,12,26,10,1,31,1,0,17,13,9,2,2,118,3,3,27,15,10,18,3,1,11,2,8,13,13
10,62,0,32,0,0,1,0,41,58,23,187,1,0,49,33,23,7,1,3,187,7,331,175,2,0,546,14,0,6,108,0,71,2,70,52,38,689,240,28,129,21,4,62,49,3,13,1,0,1,1,0,3,14,17,2,7,3,4,0,0,7,16,0,0,0,95,1,6,25,13,4,33,2,4,22,6,10,1,3
0,10,0,0,0,0,0,0,7,15,16,31,0,0,10,1,8,3,0,0,139,0,10,49,0,8,53,0,0,0,38,0,12,0,44,20,0,139,0,0,22,0,2,16,15,2,4,2,0,16,0,0,7,12,4,0,0,3,4,0,0,5,5,0,0,0,13,4,1,4,3,4,4,1,1,3,1,8,0,4
0,21,0,8,1,6,0,0,22,20,21,68,1,0,38,20,14,1,0,0,94,12,114,70,13,0,120,20,17,5,37,0,52,1,59,60,25,164,25,32,80,11,1,17,11,2,1,8,0,12,3,0,0,3,2,0,0,5,6,0,0,1,1,0,0,0,13,0,0,4,1,0,1,0,0,1,1,1,0,1
1,40,47,56,14,2,1,0,102,61,92,286,10,2,148,35,24,3,1,0,98,4,122,79,8,10,247,20,5,13,49,0,109,10,98,69,25,388,119,29,58,15,2,23,17,10,2,2,0,44,9,70,20,27,3,11,0,3,8,0,33,6,3,3,0,28,35,0,1,5,2,5,7,2,1,5,1,8,9,10
3,97,296,60,15,3,19,33,67,122,113,295,14,63,169,71,39,23,22,3,481,7,718,256,5,3,1138,7,1,0,114,0,342,5,135,92,19,597,205,4,128,10,8,49,44,12,6,7,290,162,40,0,6,35,12,10,39,4,28,10,0,6,14,5,60,7,68,3,4,32,11,30,17,6,3,26,3,21,25,20
11,143,0,0,6,6,4,17,57,69,55,171,8,50,132,60,38,19,16,1,503,7,588,269,8,17,710,30,12,11,242,0,318,10,137,98,44,617,148,4,118,9,3,46,34,8,6,6,80,58,38,0,6,25,12,8,81,4,18,14,0,6,4,5,94,6,50,1,1,13,3,15,18,3,0,16,2,13,22,11
0,107,60,34,8,3,20,7,63,98,83,148,7,12,120,64,56,21,4,34,265,10,510,205,6,11,344,12,13,13,137,23,295,12,154,72,71,1734,140,50,112,66,2,101,91,6,19,6,12,67,15,0,11,29,11,12,5,10,20,2,0,14,6,41,4,5,126,2,2,18,10,17,21,4,0,14,1,10,11,9
7,57,0,65,1,12,1,1,18,33,56,90,11,0,48,14,22,14,2,20,362,16,479,83,13,20,360,22,14,18,32,0,202,10,89,63,43,736,65,43,75,31,6,85,62,6,12,5,6,10,6,0,18,12,11,2,2,7,15,0,0,10,10,2,1,0,58,3,2,4,3,9,10,3,0,6,3,9,0,5
0,1,0,0,0,1,0,0,0,0,22,0,0,0,3,0,2,0,0,0,5,0,22,17,0,0,0,0,0,0,0,18,43,0,77,20,0,149,10,2,41,0,0,1,14,9,14,0,0,16,1,0,5,25,0,1,0,0,0,0,0,0,0,0,0,0,9,1,0,2,2,3,4,0,0,3,0,3,0,1
0,44,20,72,1,2,12,0,53,47,59,78,8,0,73,54,50,4,1,6,91,6,98,59,11,0,137,4,2,19,34,0,122,8,35,25,35,403,71,38,69,28,4,16,12,3,3,18,0,102,3,0,0,4,4,0,0,1,8,0,24,1,6,2,0,8,19,0,1,6,2,3,5,0,0,3,1,1,8,9
2,54,0,0,5,3,1,15,69,68,70,287,1,50,53,35,31,9,10,0,79,2,120,53,2,5,200,7,0,5,65,0,43,6,71,45,3,431,47,3,14,8,2,33,31,6,9,0,0,27,41,0,14,0,6,4,2,2,3,0,0,5,5,21,2,0,24,0,1,5,2,9,6,1,1,7,0,10,2,8
17,64,10,0,4,3,20,21,34,37,54,219,15,43,46,15,13,18,18,9,214,14,420,228,29,32,528,55,10,53,142,0,232,10,104,91,5,437,25,1,108,2,2,64,31,6,3,12,0,106,15,0,7,31,7,5,41,8,12,14,0,12,2,9,34,12,43,1,3,14,1,13,16,4,0,12,2,10,7,8
0,105,34,20,4,5,3,42,51,66,123,200,11,71,96,67,56,26,20,30,413,1,676,340,0,13,834,1,0,0,106,0,284,0,237,150,28,813,282,0,154,14,8,69,71,10,10,8,114,72,14,60,12,28,16,4,41,7,30,16,4,14,10,12,25,15,108,4,4,20,6,21,28,3,3,19,3,13,17,11
9,157,0,74,4,5,1,87,55,84,90,202,1,122,117,54,44,9,95,4,425,7,438,295,6,5,684,13,8,8,146,12,274,18,108,78,139,1495,280,47,135,76,7,107,95,14,9,6,76,106,24,0,20,32,9,10,26,7,28,11,0,12,12,4,13,3,69,3,5,13,12,19,23,3,2,18,6,12,6,6
0,96,0,15,3,8,0,48,43,44,57,138,1,48,76,72,37,2,104,1,223,0,304,140,0,23,432,13,0,0,215,0,235,0,78,34,32,786,53,31,112,30,6,63,43,12,7,3,2,13,12,0,29,20,4,2,1,0,6,0,0,7,8,1,4,1,54,7,2,13,6,11,16,2,2,23,1,8,5,10
0,0,0,0,0,1,0,0,1,5,14,4,0,0,0,17,0,0,0,0,12,0,34,19,22,2,55,0,19,12,92,0,62,14,46,33,0,96,0,0,17,0,0,9,15,9,0,0,0,14,2,0,10,0,0,0,0,4,0,0,0,0,2,0,0,0,13,1,2,5,4,16,23,0,0,9,0,2,1,4
1,64,0,32,2,5,5,0,54,52,108,105,6,0,105,44,44,14,1,8,109,2,82,86,14,6,204,6,5,2,66,28,114,7,65,46,39,608,111,48,108,31,3,26,19,3,19,16,87,223,9,0,9,18,8,10,16,10,13,0,20,6,8,0,0,2,106,2,2,8,3,4,23,3,1,8,0,6,1,9
8,84,7,68,7,4,3,10,73,82,87,268,8,52,102,50,54,11,2,29,286,10,517,108,2,8,480,5,10,7,98,0,229,2,167,98,31,467,156,7,110,17,9,28,38,5,5,6,20,93,28,120,15,16,10,20,85,4,16,0,0,8,6,31,77,4,57,4,1,15,4,19,47,3,2,17,3,15,8,9
10,63,24,0,4,5,17,12,42,45,65,117,9,27,43,31,19,4,18,3,196,26,364,37,22,4,224,4,0,4,163,8,241,23,131,92,6,207,50,0,48,15,2,31,18,11,7,3,16,70,37,40,8,24,0,8,149,4,5,0,0,8,3,1,114,6,41,0,2,22,4,14,31,1,3,12,1,8,2,4
0,120,125,48,6,7,17,29,92,89,245,387,7,93,135,76,53,26,8,12,691,8,818,575,5,20,1109,10,5,11,155,0,413,10,158,121,43,1351,214,2,128,6,7,53,30,12,13,6,0,52,30,80,5,30,13,20,21,4,36,44,0,5,12,6,21,7,104,1,2,25,7,22,50,4,2,21,4,13,34,34
1,126,67,56,5,6,32,8,100,94,106,190,26,17,185,71,63,26,3,14,398,28,502,284,4,22,712,17,10,4,254,26,300,22,170,87,25,1494,95,46,181,21,7,72,64,14,10,11,272,66,29,0,20,30,11,19,8,4,26,4,0,9,20,14,2,18,146,4,3,16,4,17,48,4,1,21,2,13,18,21
1,45,0,45,9,2,0,5,87,66,64,135,0,0,111,15,46,3,0,0,263,6,522,188,7,44,554,18,6,12,298,18,149,6,126,68,54,1397,74,30,203,44,1,38,36,8,10,2,1,5,0,0,19,9,9,1,1,2,9,0,1,6,8,3,1,0,81,3,2,9,6,6,34,2,2,11,1,8,1,1
0,2,0,0,0,2,0,0,15,10,22,0,0,0,1,8,0,4,0,0,19,0,28,14,0,0,65,0,0,0,152,25,38,0,49,13,0,209,0,0,0,0,0,24,43,12,8,3,0,20,0,0,11,19,6,0,0,4,2,0,0,10,6,0,0,0,173,1,1,9,3,7,12,1,0,6,0,5,0,1
2,41,20,32,3,3,13,0,37,45,61,108,9,0,47,39,42,7,1,2,114,4,242,58,1,0,287,2,1,7,40,0,113,6,51,37,28,680,77,36,114,11,2,46,20,12,17,15,64,7,5,0,4,20,16,8,0,10,29,0,0,16,7,4,0,1,45,2,3,12,3,15,23,3,2,13,1,5,3,7
2,136,34,23,12,6,8,34,79,81,92,239,6,63,88,67,48,26,11,4,206,8,427,275,7,22,606,14,16,26,199,7,220,6,203,142,27,990,122,17,206,21,5,49,43,14,7,1,28,142,32,20,12,19,7,27,0,1,13,34,1,5,29,35,0,30,90,1,3,16,4,18,31,2,2,19,2,14,15,19
7,179,10,57,5,5,3,31,92,111,180,203,23,43,206,60,54,22,15,4,511,10,698,270,11,25,496,31,10,18,334,23,286,26,134,114,41,509,127,7,128,28,16,61,55,8,10,10,70,97,17,0,6,41,26,7,14,11,20,32,12,19,13,4,21,2,77,5,4,28,6,26,33,4,2,22,3,14,20,15
1,120,0,40,8,8,7,36,95,103,103,259,19,75,176,86,59,35,9,8,564,5,743,428,2,24,943,25,8,10,286,0,421,26,231,151,47,783,86,2,140,1,13,58,40,10,12,9,0,33,18,0,16,28,19,12,25,14,23,11,0,16,13,4,27,4,117,3,4,34,16,28,41,6,2,24,3,19,17,21
4,171,20,60,3,6,2,43,104,88,66,308,7,103,105,52,43,19,5,4,295,11,274,170,8,18,432,18,7,8,242,68,257,6,165,95,76,1111,141,60,150,32,7,92,61,6,9,7,48,30,20,0,2,16,8,13,3,3,16,1,0,6,13,9,7,3,70,2,4,24,10,20,35,4,1,22,4,11,7,7
0,52,0,40,5,11,1,60,53,73,50,445,0,99,100,30,17,5,2,0,179,0,246,89,1,1,220,1,2,0,68,0,48,1,79,63,39,1022,82,51,237,38,1,13,25,3,12,5,0,38,14,0,4,11,10,8,12,3,6,0,0,7,9,2,4,1,35,2,4,5,7,10,18,4,2,7,2,12,11,3
0,10,0,0,3,1,0,0,31,8,18,8,0,0,0,6,18,3,0,0,32,0,80,2,0,12,92,0,0,0,197,40,48,0,47,20,8,166,15,0,18,4,0,13,7,10,6,0,0,1,0,0,13,6,4,0,0,12,2,0,0,12,3,0,0,0,7,1,1,8,2,12,19,2,0,14,0,6,1,2
0,47,316,68,0,1,8,0,51,32,92,98,23,0,50,19,30,8,0,8,88,4,110,73,1,0,233,6,0,1,53,0,133,1,45,39,31,531,62,17,100,12,3,35,48,2,15,15,22,96,10,0,0,22,3,4,0,1,38,0,19,7,7,3,0,2,48,2,1,7,3,4,10,1,3,4,5,3,4,10
3,172,26,76,5,10,25,10,82,83,77,250,20,24,99,58,38,21,18,39,218,1,304,151,5,19,416,5,1,1,52,0,206,1,155,80,23,1218,72,33,165,21,14,85,68,6,7,3,134,49,61,130,9,26,11,33,0,5,19,1,0,5,10,35,0,16,161,1,3,29,9,28,55,7,2,21,10,15,17,19
6,117,0,0,4,4,4,20,54,103,64,165,27,41,97,41,60,12,6,31,356,11,532,223,10,12,642,13,6,12,119,0,310,14,266,146,35,690,62,3,99,8,8,84,64,7,10,12,40,58,10,0,11,18,11,12,34,10,20,11,0,10,13,4,24,6,100,4,3,26,5,25,41,4,2,32,2,15,19,20
7,78,20,8,10,3,17,6,107,94,72,224,16,19,117,42,79,12,10,8,514,10,728,355,17,14,944,25,8,8,167,18,376,13,229,133,73,704,287,1,196,28,9,51,32,9,6,6,26,29,25,40,5,29,8,10,33,10,21,8,0,13,11,3,31,6,58,2,6,24,15,17,36,5,1,24,5,12,10,17
2,108,0,72,8,10,5,8,100,132,130,209,1,4,86,63,56,15,6,16,181,32,181,204,48,13,260,52,7,17,164,19,169,66,162,78,74,1469,197,48,114,19,4,87,50,8,16,5,81,20,17,0,4,21,7,3,16,6,13,3,4,9,11,2,22,11,109,1,3,33,13,16,41,5,2,18,3,10,19,20
0,60,0,8,2,2,11,2,60,33,49,149,10,2,66,28,34,2,4,1,164,1,246,49,5,8,371,5,1,0,118,0,89,1,81,29,36,1186,124,31,92,14,3,42,40,4,3,4,8,4,0,0,5,18,6,4,7,15,7,0,0,9,9,2,4,0,42,2,3,15,8,10,17,4,2,13,2,9,6,5
0,3,0,0,0,1,0,0,18,4,13,7,0,0,2,3,0,5,0,0,79,72,84,7,0,2,41,0,0,115,32,18,31,0,47,30,2,168,30,5,24,0,0,2,15,4,0,0,0,114,0,0,11,16,4,2,0,0,5,0,0,8,1,1,0,0,23,3,0,10,2,16,23,3,7,19,0,4,0,1
0,45,12,17,3,3,14,0,56,45,96,141,15,0,50,14,37,18,8,3,169,1,96,78,2,0,305,0,0,2,41,18,182,0,55,31,34,336,79,17,144,30,4,28,40,3,15,15,30,71,4,20,0,4,12,9,1,2,13,0,0,11,12,2,2,0,36,0,3,6,2,16,11,2,2,20,2,10,9,6
6,147,27,35,3,3,5,19,64,74,95,236,9,46,101,32,58,28,21,25,308,7,240,127,4,4,491,4,6,4,163,0,198,11,141,93,20,600,41,27,192,27,2,60,48,11,8,3,62,71,53,40,13,34,11,12,3,9,13,0,0,12,8,6,2,18,74,0,3,26,6,30,31,4,2,33,3,19,42,62
11,80,90,101,3,0,13,14,72,62,75,194,4,47,85,22,48,17,10,7,325,4,602,188,11,16,332,34,13,24,144,1,314,14,234,136,21,530,33,1,49,6,9,48,42,5,2,2,61,23,6,0,2,32,5,12,47,11,16,11,18,16,11,10,37,10,62,3,4,24,8,16,40,3,4,21,1,11,25,45
2,96,0,40,5,2,6,32,70,70,81,207,8,56,83,41,54,14,6,26,448,8,491,109,2,28,448,11,4,8,130,0,311,8,311,180,29,559,65,0,172,12,4,36,37,4,5,11,4,65,25,0,5,21,6,12,38,11,9,19,0,3,10,4,42,6,77,0,2,19,4,15,26,1,1,13,1,12,20,16
5,77,0,17,2,7,17,17,95,157,129,195,10,31,83,39,43,18,10,4,316,16,659,103,5,4,124,0,7,14,217,22,228,2,309,188,93,1045,201,65,136,34,3,41,33,8,11,2,90,57,23,0,6,35,13,9,74,5,8,5,0,17,11,37,112,27,65,4,2,14,4,26,25,1,0,8,3,8,14,20
2,51,0,40,1,2,0,0,75,47,47,112,1,0,49,14,27,12,2,10,109,0,307,18,0,13,19,0,4,4,144,0,76,6,357,205,58,688,163,37,58,26,4,34,30,1,11,4,0,14,3,0,4,22,5,1,82,1,13,0,0,9,8,4,172,4,51,8,3,12,7,10,20,3,2,9,4,17,1,2
0,10,0,0,0,1,0,0,15,9,21,18,0,0,1,12,6,2,0,0,65,0,49,2,0,2,0,1,0,0,214,18,48,14,66,39,5,184,10,2,58,0,1,11,11,1,13,8,0,35,4,0,6,13,0,1,0,12,6,0,0,6,8,1,0,0,31,3,2,20,16,17,28,2,4,18,1,14,0,3
12,59,0,20,4,0,1,7,90,69,107,438,16,2,66,17,33,20,21,16,85,0,191,52,2,0,56,5,1,0,55,0,109,1,63,58,77,676,198,28,134,46,2,31,21,2,15,1,24,60,21,0,2,6,12,2,3,2,10,0,0,2,7,7,0,1,27,3,2,42,4,29,6,2,1,25,2,19,1,10
11,122,55,44,5,7,12,30,120,78,98,479,14,67,111,62,78,15,25,4,368,0,380,244,10,11,564,0,1,19,116,0,262,0,139,75,38,923,129,12,210,15,7,40,31,18,7,2,0,24,33,120,26,12,7,3,0,4,19,0,0,6,4,36,0,3,81,1,1,32,5,29,37,2,0,28,1,10,19,37
21,124,180,0,14,5,8,41,113,112,145,408,38,78,161,60,75,31,24,9,570,7,967,305,6,13,721,11,2,14,386,8,461,11,159,131,11,797,51,5,203,25,12,89,47,14,3,3,62,32,53,0,24,39,15,27,17,11,20,23,13,21,18,5,17,24,125,7,6,29,12,38,49,5,2,29,4,30,29,62
3,106,25,40,10,7,30,22,84,98,106,360,5,45,96,53,38,13,24,1,329,31,408,136,10,8,509,24,12,46,142,0,185,17,185,145,11,643,53,0,37,13,3,48,29,4,5,4,56,185,39,200,12,28,7,7,47,4,18,9,1,5,7,3,31,3,51,2,1,16,5,22,23,2,2,15,1,8,11,10
12,99,0,24,3,4,11,17,42,40,41,99,10,27,23,37,16,4,2,4,41,25,302,2,0,0,91,2,7,2,36,22,24,1,82,29,13,457,31,2,76,8,6,41,23,2,5,4,20,66,16,0,0,65,3,0,6,6,29,4,0,20,4,1,2,9,26,2,1,3,3,9,19,1,0,2,1,4,8,7
0,52,0,64,4,4,1,7,37,24,29,77,2,4,93,14,32,2,0,3,143,10,199,31,4,8,65,10,6,0,56,0,67,4,79,16,95,1472,232,94,162,55,0,28,11,5,9,2,4,13,1,0,4,16,6,1,11,9,6,0,0,1,7,2,2,1,81,0,1,5,0,6,16,0,2,4,0,1,17,38
0,3,0,0,0,0,0,0,11,13,3,14,0,0,0,22,3,9,0,0,36,7,23,17,0,0,10,0,7,7,29,18,32,14,43,32,0,241,7,2,26,0,0,4,11,2,3,7,0,0,0,0,3,27,17,0,0,3,9,0,0,15,13,0,0,0,24,4,1,3,5,12,24,3,2,19,2,12,0,4
1,24,20,8,6,5,8,0,48,68,92,136,9,0,51,35,41,6,6,7,197,1,230,109,1,48,191,4,0,4,90,19,197,4,95,51,30,634,170,65,153,18,1,45,64,6,15,2,1,43,18,0,3,18,4,12,0,4,16,0,0,7,6,4,1,0,66,1,4,16,7,16,23,3,2,9,3,7,12,24
2,77,112,72,4,6,26,30,106,86,91,171,14,81,104,64,60,30,16,20,224,11,364,302,38,25,917,22,19,22,248,0,249,7,133,94,24,917,95,14,204,9,9,74,56,12,21,7,375,49,25,100,16,36,15,22,0,14,31,5,0,13,24,45,0,26,103,1,5,23,8,25,45,5,1,21,3,13,35,84
6,82,0,0,4,3,0,32,68,63,36,106,0,82,81,56,46,19,16,0,235,7,408,181,11,1,620,24,7,16,160,10,203,13,262,109,22,303,66,4,30,5,6,40,52,13,6,8,0,198,23,0,29,16,6,4,24,7,4,17,0,7,3,0,12,4,59,0,2,14,2,16,45,1,0,15,0,12,33,127
0,54,111,124,5,5,19,23,69,63,86,152,19,28,55,35,47,7,5,12,514,18,414,276,1,8,428,2,19,8,156,0,247,11,376,211,33,968,199,0,155,11,4,51,31,14,9,3,55,22,7,40,13,17,14,8,45,8,28,10,12,9,17,3,18,6,57,3,3,12,4,10,40,3,1,13,1,8,18,46
2,134,10,72,4,9,15,31,92,84,112,229,35,55,124,87,63,13,11,46,308,4,392,216,2,16,558,18,1,5,92,5,232,8,132,72,38,678,149,52,125,21,3,88,45,8,12,22,93,162,24,0,11,37,21,29,34,12,17,7,0,18,15,9,18,5,79,1,5,14,8,41,36,4,3,29,3,16,12,70
2,70,0,0,5,14,7,24,114,99,88,222,6,49,100,46,62,13,7,1,240,2,535,302,1,18,926,30,36,6,143,18,274,0,169,81,60,1022,187,51,364,23,1,82,35,17,6,2,0,61,12,0,18,7,3,19,25,10,6,3,0,8,5,4,7,2,65,5,4,19,21,54,34,1,2,18,2,17,28,44
0,0,0,0,0,1,0,0,13,13,24,26,0,0,0,7,1,0,0,0,131,16,126,38,23,15,128,16,7,7,170,29,68,16,11,5,2,173,47,5,72,0,0,56,71,1,4,8,0,16,0,0,11,46,10,0,0,0,6,0,0,16,2,0,0,0,17,3,1,5,6,8,23,0,2,11,1,5,0,1
1,98,0,0,0,0,3,0,30,41,29,64,0,0,37,12,28,2,0,0,186,0,426,100,0,2,608,0,0,0,65,1,92,0,383,181,28,526,104,37,70,22,2,9,27,6,15,1,1,12,1,0,0,29,5,1,159,4,1,0,0,0,9,1,109,8,13,1,1,2,1,27,4,0,0,3,0,0,3,102
0,70,36,40,1,4,8,0,40,36,37,76,8,0,29,46,22,5,3,11,232,0,290,104,6,1,212,2,2,1,55,0,115,1,55,50,29,491,70,38,171,30,0,27,28,14,9,4,0,2,0,90,29,5,4,7,76,2,10,0,12,2,5,6,49,6,39,0,0,7,2,12,16,1,1,5,1,5,9,49
1,106,0,82,12,6,27,78,126,125,111,511,7,165,142,44,70,38,26,3,394,2,532,214,6,9,510,34,8,29,277,14,258,73,195,94,0,956,60,0,208,0,15,94,87,11,13,11,206,123,49,0,27,42,14,15,13,15,29,12,18,17,39,8,2,15,177,2,5,36,14,49,65,4,2,34,4,20,30,82
4,159,0,12,12,5,35,100,118,117,145,357,20,184,206,74,65,18,34,5,520,5,590,391,8,4,322,46,5,10,101,0,520,7,201,126,50,845,391,1,204,12,5,77,63,10,7,7,44,218,29,0,4,38,17,18,6,8,46,27,0,23,24,5,12,3,223,6,6,37,9,51,64,4,3,27,3,18,25,150
2,88,0,76,5,9,12,16,89,77,75,251,7,16,89,69,62,12,9,39,250,7,444,154,17,12,335,37,18,28,534,11,399,20,280,91,36,938,253,5,32,23,10,121,49,4,13,8,130,69,27,0,1,41,13,43,11,4,33,5,0,26,26,46,13,3,172,1,2,23,7,57,35,6,1,16,2,16,11,78
2,49,0,169,7,5,8,2,72,89,70,175,19,2,135,37,61,9,2,4,350,0,414,156,6,29,408,7,1,1,157,0,233,1,57,26,50,597,258,26,63,38,12,58,64,4,1,1,0,51,5,0,2,6,10,1,1,6,10,0,1,6,6,0,14,0,136,0,1,8,5,39,14,2,1,8,1,8,5,22
0,11,0,0,0,0,0,0,7,9,6,62,0,0,14,1,5,1,0,0,6,4,34,103,2,2,264,2,0,2,43,7,68,0,48,29,7,110,26,5,22,2,2,30,34,3,6,10,0,5,0,0,5,41,6,0,0,2,13,0,0,0,6,0,0,0,31,8,3,11,7,6,24,1,3,12,4,4,1,8
0,108,168,16,3,5,9,0,47,49,67,126,10,0,77,35,42,9,2,1,107,1,370,13,1,5,11,1,0,2,28,0,88,7,61,37,142,1823,232,244,191,92,4,52,37,1,16,18,66,148,17,0,0,19,11,6,5,2,28,0,19,3,6,4,8,4,95,1,3,10,4,10,7,2,0,4,1,3,1,10
0,128,178,80,8,6,14,24,105,81,95,287,49,34,131,50,76,34,11,8,270,2,437,38,4,10,109,11,11,8,107,6,200,10,201,112,33,1191,116,41,182,24,6,49,51,13,16,8,2,68,40,60,2,19,15,17,0,9,26,0,0,16,22,51,0,13,101,1,6,32,13,52,55,4,1,28,5,23,21,55
5,100,10,16,1,4,4,20,79,91,107,312,19,53,87,48,55,26,78,0,205,72,364,37,24,2,116,10,6,52,332,22,205,70,234,123,1,843,41,0,111,4,10,55,37,8,15,8,40,32,16,0,4,36,13,10,19,9,30,36,0,8,18,0,36,2,82,4,3,37,12,95,76,2,3,27,3,14,32,138
8,122,121,48,4,6,29,20,93,89,99,315,24,41,67,74,59,15,37,24,408,14,622,76,4,5,235,2,7,46,281,0,242,5,204,97,19,1016,209,8,47,21,7,46,37,10,7,5,100,82,26,0,15,12,8,9,38,5,18,31,0,6,7,10,67,13,80,6,3,26,11,76,55,5,1,32,3,14,21,36
9,79,0,88,4,5,18,33,97,88,73,287,24,65,120,43,73,20,9,37,294,14,390,131,4,17,197,6,44,19,107,25,294,23,276,147,65,1146,239,12,80,27,6,60,44,14,10,6,147,107,24,0,6,48,22,11,12,34,51,7,2,22,27,5,48,1,79,1,3,28,10,43,30,5,1,14,4,17,26,42
0,79,0,56,1,14,2,5,59,67,75,170,1,6,90,36,49,10,2,10,304,7,392,205,104,5,305,6,0,0,52,0,294,0,341,311,28,1074,145,23,109,3,5,38,19,7,12,5,0,87,5,0,3,21,4,6,9,3,17,0,0,8,5,4,14,0,62,2,3,14,7,12,34,3,4,16,3,10,2,2
0,20,0,0,1,11,0,0,12,25,11,62,0,0,9,13,6,7,0,0,84,0,112,24,0,10,12,0,0,0,70,25,35,0,48,29,6,263,22,5,58,4,0,6,10,0,6,5,0,39,2,0,6,26,11,0,0,1,3,0,0,9,10,0,0,0,21,5,1,9,7,13,21,2,3,11,3,8,0,5
8,83,90,44,3,0,9,0,51,58,61,132,3,6,106,22,55,10,1,23,287,25,284,26,6,26,97,29,4,1,59,18,163,5,83,61,144,548,400,47,122,45,6,48,48,4,7,14,94,68,10,0,0,43,9,9,0,8,31,0,0,15,9,2,0,0,137,4,4,14,6,84,56,3,2,11,3,7,7,18
11,79,195,40,7,9,18,27,131,107,111,265,20,32,158,102,98,23,5,41,319,7,587,22,5,28,44,10,6,23,179,0,217,8,122,71,38,1465,156,35,144,18,6,81,66,6,4,2,82,104,42,110,12,10,6,29,39,1,19,0,0,10,7,41,66,21,154,0,4,22,7,69,64,7,1,27,2,14,16,25
4,25,0,40,13,8,33,118,150,141,122,391,20,245,230,43,42,33,12,28,128,7,401,65,1,7,67,2,20,5,119,7,181,11,140,82,46,1216,184,42,300,18,2,46,46,19,4,2,140,51,22,0,18,31,15,22,79,3,17,19,0,9,10,10,95,16,130,3,4,25,10,49,54,4,0,41,3,18,33,54
0,13,0,39,7,6,16,36,83,83,70,206,22,48,57,37,36,7,5,16,262,4,323,131,2,14,229,23,0,2,154,0,214,1,166,119,19,906,116,4,91,14,2,28,23,12,18,3,50,104,32,0,15,28,1,15,15,6,14,8,0,18,5,6,20,5,51,0,4,16,5,28,22,1,1,11,1,11,11,18
0,2,0,36,1,2,0,16,44,49,75,158,3,16,7,14,14,20,4,4,22,2,130,12,6,7,48,14,12,18,134,90,55,14,64,36,32,520,78,28,109,1,9,63,50,13,13,9,0,18,10,0,21,39,22,0,1,7,12,2,0,27,27,0,3,1,93,5,2,27,10,22,46,9,2,18,1,22,1,6
0,0,0,0,0,2,0,0,12,2,0,0,0,0,0,14,0,0,0,20,18,0,139,14,0,0,58,0,0,0,40,0,55,0,88,35,0,166,0,0,112,0,0,13,9,20,12,3,0,14,0,0,42,0,0,0,0,0,0,0,0,0,0,0,0,0,11,0,0,5,0,5,6,0,0,8,0,4,0,0
0,0,0,0,0,1,0,0,3,6,2,32,0,0,0,4,1,5,0,0,34,0,55,12,0,5,96,0,0,0,46,18,26,0,57,29,0,261,60,0,70,5,0,4,9,1,9,12,0,24,0,0,29,24,5,0,0,3,10,0,0,10,5,0,0,0,27,14,6,15,15,18,36,5,1,19,3,7,0,1
0,0,0,0,0,0,0,0,1,1,0,0,0,0,0,2,0,0,0,0,7,0,10,0,0,0,22,0,0,0,0,0,24,0,18,2,0,71,20,0,0,0,0,0,2,0,0,0,0,24,0,0,4,0,0,0,0,0,0,0,0,0,0,0,0,0,4,0,0,1,0,1,0,0,0,1,0,1,0,0
0,3,0,0,0,2,0,0,9,26,8,7,0,0,2,17,4,0,1,0,67,6,82,77,1,2,207,0,6,1,230,0,156,6,146,73,0,411,4,3,152,0,0,24,13,22,3,0,0,0,0,0,18,0,1,1,0,1,1,0,0,1,2,0,0,0,26,0,0,5,0,5,4,0,0,4,0,6,0,3
1,84,0,0,4,4,0,0,57,63,49,94,0,0,67,43,64,19,1,6,173,6,208,18,5,1,150,102,16,67,112,0,269,50,130,74,5,770,68,0,156,5,1,33,22,3,3,3,0,9,11,0,9,8,12,4,4,2,16,0,0,2,10,1,2,0,45,0,3,10,4,14,23,4,1,13,4,7,10,17
1,193,10,0,13,3,4,28,94,53,87,271,5,37,148,44,65,28,25,5,253,0,280,61,12,16,113,2,1,2,58,0,209,11,143,105,40,709,42,1,87,1,5,47,38,8,6,4,0,81,24,80,0,22,10,21,46,6,24,12,1,11,13,10,39,24,88,6,5,40,10,51,54,7,1,30,4,22,15,40
11,98,34,20,11,7,18,13,87,81,126,251,25,24,207,71,63,21,16,1,381,22,534,152,0,7,282,55,4,5,247,35,290,55,150,139,30,1033,118,10,75,14,4,69,53,3,4,2,271,71,19,20,14,28,14,16,54,8,28,6,0,18,11,27,24,14,50,1,4,19,7,57,51,2,2,18,2,12,25,21
3,138,0,40,5,10,7,0,79,99,69,181,6,0,89,41,77,11,5,0,200,8,355,71,2,42,142,25,6,8,142,0,187,2,111,37,28,743,82,10,36,2,4,49,31,7,2,1,8,261,1,0,12,11,10,11,4,2,9,0,0,12,10,3,0,0,41,1,3,14,2,12,30,2,1,11,3,5,9,5
0,3,0,0,0,1,0,0,8,10,12,9,0,0,1,8,0,6,0,0,88,17,176,50,0,17,106,79,0,24,154,18,78,22,83,26,7,48,12,0,48,0,0,24,16,5,11,3,0,16,0,0,17,0,2,0,0,0,0,0,0,8,6,0,0,0,9,0,0,4,0,6,23,0,0,9,0,6,0,0
0,58,10,37,3,1,1,0,77,54,52,103,12,0,50,35,34,8,2,0,170,8,229,42,0,5,85,22,2,4,157,0,155,6,91,37,20,277,134,17,73,15,2,31,18,5,3,2,42,3,5,0,9,16,8,10,0,1,15,0,0,3,4,3,0,2,54,0,4,11,4,15,20,4,1,14,1,4,17,25
12,96,0,48,6,8,3,55,117,83,101,270,32,48,147,98,65,23,14,4,442,8,583,84,17,7,297,48,16,31,155,0,249,24,251,160,6,723,98,6,181,5,6,50,45,8,15,9,50,51,37,0,0,19,7,8,1,8,16,0,0,9,15,30,0,2,97,1,3,21,8,27,58,4,2,34,4,15,36,52
11,140,0,64,8,7,11,36,100,101,100,292,17,69,100,50,66,35,35,11,493,1,899,244,0,10,425,24,5,7,374,0,348,11,315,225,33,683,192,9,72,11,14,77,54,14,6,13,10,96,23,0,16,33,13,18,46,10,33,31,31,7,12,16,28,8,94,1,4,38,9,40,74,5,3,34,3,13,50,53
2,119,109,0,8,8,26,32,121,101,110,310,26,51,127,103,71,26,24,4,559,5,931,335,8,16,622,20,14,13,218,14,431,20,154,111,30,467,80,0,114,16,13,67,50,8,16,7,0,43,33,0,6,22,16,14,63,8,24,24,0,14,14,10,20,3,96,6,2,34,9,30,43,5,1,36,4,17,27,29
0,108,92,56,4,5,3,20,97,90,102,311,6,42,139,66,59,17,14,56,419,6,397,274,11,3,656,140,14,18,203,41,317,14,147,82,68,505,183,37,99,20,6,81,76,12,7,5,74,62,23,0,19,83,39,19,12,17,43,5,4,36,32,8,5,3,155,2,6,21,8,77,45,4,1,23,2,10,14,30
1,118,0,0,1,2,8,0,46,44,44,152,12,0,68,30,32,4,2,4,443,24,554,305,13,12,944,37,12,1,61,18,331,13,49,32,56,322,87,54,88,30,1,44,22,7,6,2,20,16,1,0,0,5,2,4,11,13,7,0,0,1,5,4,3,1,137,4,0,6,5,113,52,0,1,9,2,4,27,36
0,0,0,0,0,1,0,0,6,3,3,9,0,0,1,4,0,4,0,0,16,0,12,18,0,0,86,0,0,0,77,0,38,0,128,59,0,144,5,2,53,0,0,13,16,10,6,0,0,0,0,0,23,3,2,2,0,1,2,0,0,3,1,0,0,0,30,0,0,2,1,3,2,0,0,6,0,3,0,1
6,55,15,24,5,4,3,0,44,40,66,109,9,0,43,30,32,6,3,0,191,0,205,312,0,0,780,0,0,0,28,0,78,0,109,182,24,321,92,39,112,14,1,26,15,1,1,1,90,73,34,0,0,9,5,20,67,1,14,0,0,6,6,4,75,18,61,0,3,10,4,11,13,1,1,8,2,1,4,15
1,97,100,37,6,11,8,38,124,91,161,351,14,89,121,47,58,26,29,36,217,8,259,270,17,19,716,17,17,17,234,0,205,18,179,99,13,548,48,3,113,3,10,93,64,8,3,2,54,56,34,80,2,11,8,18,12,4,18,0,0,7,12,22,10,33,78,0,4,24,7,13,31,5,1,16,2,24,26,28
15,102,0,131,11,6,13,36,91,66,85,221,11,49,77,48,47,23,18,3,317,5,485,367,10,10,877,12,6,11,73,5,241,7,200,164,13,1194,92,2,142,11,10,70,70,5,10,6,30,69,24,0,4,35,10,9,19,10,23,14,0,10,16,9,6,3,92,1,3,22,7,20,35,5,2,21,5,15,21,28
1,75,0,64,5,5,5,29,113,74,94,254,28,62,101,70,68,15,17,4,242,2,562,438,42,5,794,44,5,37,137,0,224,34,185,130,16,681,106,0,119,10,6,28,24,15,11,6,5,31,17,0,1,22,16,5,35,2,32,29,0,5,21,2,15,5,118,7,7,29,11,53,19,3,3,35,4,12,16,17
6,124,40,0,8,8,0,33,86,89,109,402,6,44,100,65,59,24,15,6,178,4,343,250,4,32,470,12,7,8,85,22,200,7,74,49,66,1325,150,49,75,21,3,69,58,9,10,4,44,59,17,120,9,31,13,18,16,10,17,36,18,15,15,4,4,2,98,2,5,23,11,20,38,4,2,20,4,11,18,22
0,66,0,40,2,11,2,8,48,40,60,160,10,4,43,24,43,4,5,0,247,8,342,247,4,2,434,18,1,19,116,18,218,6,115,65,32,1065,293,51,151,27,4,32,16,2,10,6,0,53,5,0,0,8,3,12,4,3,10,3,0,4,3,2,2,0,49,4,5,12,7,7,20,1,2,15,3,5,7,8
0,6,0,0,0,0,0,0,24,4,22,1,0,0,2,6,14,0,0,0,10,0,22,7,0,0,7,0,7,0,126,36,36,0,129,68,7,648,14,7,12,0,0,40,36,7,8,3,0,15,0,0,8,3,4,0,0,0,20,0,0,4,8,0,0,0,58,6,1,4,3,0,9,6,0,8,0,4,0,1
6,96,100,75,2,5,6,0,32,50,58,93,1,0,22,23,37,7,0,53,131,1,136,126,2,6,440,5,2,1,28,0,90,6,60,41,35,422,47,46,125,10,2,13,16,5,15,15,8,61,6,0,1,8,8,5,0,2,12,0,0,1,6,3,0,10,42,1,1,10,5,16,21,1,1,3,3,2,4,9
6,84,10,56,4,5,8,37,85,66,87,234,2,77,82,55,49,18,18,9,390,14,730,364,16,11,1142,23,16,14,138,0,380,16,236,216,38,915,65,16,100,30,7,49,43,7,10,8,58,11,46,60,10,23,15,14,0,8,19,0,0,8,12,34,0,32,117,9,10,31,9,25,42,6,4,35,6,14,24,42
11,144,41,48,5,1,10,36,106,83,141,189,10,56,82,50,62,18,23,11,253,4,656,390,7,4,772,19,7,16,157,5,244,6,149,125,35,1076,81,2,121,12,6,41,34,19,4,5,107,56,50,20,21,29,9,11,48,11,39,3,1,19,14,3,12,5,93,2,1,18,3,22,27,4,1,21,1,13,18,18
0,49,0,26,8,6,15,52,109,113,114,361,29,74,90,54,43,20,17,2,233,0,400,216,0,16,588,7,0,4,65,18,280,1,156,87,22,639,127,1,84,10,6,35,29,6,5,4,42,37,23,0,10,42,12,11,55,2,23,9,0,6,16,9,29,6,110,2,4,24,8,19,30,3,3,24,4,16,18,23
0,51,0,25,4,5,11,24,84,56,120,289,11,20,84,40,48,8,17,8,226,5,295,265,5,0,502,7,1,16,172,7,155,25,115,78,77,1100,259,65,101,12,5,63,52,4,6,3,44,112,36,60,6,22,5,25,18,8,18,1,0,12,7,7,12,7,130,3,4,18,8,22,36,1,2,17,2,8,16,23
2,34,0,41,1,1,14,0,55,77,76,117,12,0,30,33,29,3,0,0,137,6,216,91,4,2,271,20,5,7,62,36,96,10,60,34,39,543,259,10,31,14,2,37,24,12,10,4,2,13,1,0,4,15,4,0,4,13,10,0,0,8,4,2,5,0,71,5,3,15,4,10,17,1,1,9,0,4,1,3
0,0,0,0,0,2,0,0,11,7,8,0,0,0,12,6,0,0,0,0,12,0,72,43,0,0,101,0,0,0,17,61,77,0,70,40,5,61,10,7,40,0,0,25,15,5,6,3,0,5,0,0,4,12,0,0,0,0,2,0,0,0,0,0,0,0,40,0,0,5,3,11,7,3,2,9,0,5,0,3
0,65,0,28,1,5,9,0,40,30,47,90,8,0,65,36,41,9,6,0,103,1,211,104,5,0,197,4,1,2,55,0,124,0,43,29,28,477,94,67,112,16,4,44,36,12,2,4,16,64,9,0,22,1,4,3,0,0,6,0,0,6,2,2,154,0,36,4,4,19,10,22,32,3,3,19,3,8,33,29
0,52,32,23,6,6,6,64,112,109,114,260,3,127,57,58,55,17,26,2,353,7,382,233,4,10,670,19,1,5,124,0,198,8,132,81,9,577,44,11,151,6,6,81,60,8,5,9,30,40,58,30,25,8,13,12,54,8,21,11,0,6,7,21,97,9,108,1,2,20,4,14,36,2,0,25,1,13,29,33
6,34,0,16,2,3,8,43,84,72,146,251,14,87,58,47,32,20,35,6,274,12,254,131,12,6,514,11,0,65,299,8,74,6,70,59,20,165,85,7,27,2,5,31,34,5,11,10,40,49,26,0,4,30,12,17,57,6,18,20,0,19,15,6,42,4,93,8,4,18,5,19,23,4,1,19,1,17,11,16
0,20,1,16,2,7,0,5,49,35,51,126,0,15,9,27,17,3,6,0,86,7,648,340,8,0,202,25,6,17,31,18,104,6,80,27,12,259,34,0,54,4,15,62,56,4,10,2,20,30,13,0,6,9,3,1,8,3,13,3,0,4,3,0,1,0,17,2,3,11,3,11,9,1,3,8,2,6,11,8
1,135,10,68,4,7,20,33,121,103,103,270,4,52,149,60,86,12,26,2,394,5,486,292,12,12,691,12,12,6,239,10,275,22,208,125,82,1318,213,73,176,38,9,55,39,11,3,2,0,41,33,0,0,31,11,7,24,3,5,9,10,10,12,6,3,17,259,3,10,45,19,30,47,12,6,44,6,29,19,15
1,39,0,40,1,3,13,2,63,61,83,158,10,0,57,53,42,4,3,0,198,0,221,76,0,12,368,0,4,0,154,0,80,0,48,19,29,732,260,18,30,61,3,72,51,15,10,4,149,5,5,0,28,14,9,2,3,0,6,0,0,7,6,3,3,0,48,7,4,15,8,16,16,5,0,8,1,11,2,6
0,2,0,0,0,1,0,0,7,1,14,1,0,0,0,5,2,2,0,0,29,0,53,43,0,2,89,0,7,22,124,25,31,22,62,42,2,96,14,2,38,0,0,8,12,7,6,3,0,5,0,0,0,0,0,0,0,0,0,0,0,5,0,0,0,0,25,1,1,4,3,4,8,1,2,6,3,7,0,4
0,29,75,32,1,5,21,0,52,44,34,82,20,0,33,17,41,24,2,9,164,0,142,115,4,4,247,13,0,6,36,0,127,8,52,64,35,568,94,51,108,22,5,54,43,5,16,3,255,68,2,0,19,20,10,34,99,3,29,0,1,9,7,10,255,11,107,0,2,13,7,18,18,3,1,23,1,3,18,31
1,64,0,24,4,2,2,55,66,47,70,208,2,106,143,19,29,15,21,2,266,1,298,197,4,4,550,11,5,4,73,0,155,8,120,82,23,521,79,4,136,9,4,42,28,15,14,7,30,25,25,0,10,33,9,8,7,3,6,0,0,6,10,14,6,21,96,5,4,33,13,12,23,2,2,22,3,17,13,28
11,94,179,72,8,1,12,45,90,69,140,194,14,78,79,38,54,18,41,9,218,2,277,210,5,4,520,19,6,18,151,11,292,17,214,135,25,796,152,10,113,5,8,86,73,13,5,5,10,20,11,0,0,36,11,18,10,4,24,0,3,11,13,7,2,5,101,1,3,18,5,17,38,5,3,20,5,13,15,30
4,116,0,0,8,5,3,26,82,81,78,231,10,60,77,91,65,20,24,0,350,8,329,265,8,38,787,20,6,18,136,18,301,16,237,150,13,939,98,4,81,11,3,40,28,6,19,12,22,31,21,0,3,30,10,3,8,10,22,0,0,12,15,5,4,1,141,5,5,25,9,16,31,3,3,27,3,7,27,44
2,81,5,76,4,2,6,25,115,79,65,204,7,25,104,63,62,13,3,4,179,10,252,174,0,5,460,5,6,8,80,32,149,0,119,79,67,1137,122,73,327,23,3,57,49,7,23,26,94,49,11,0,20,36,11,18,10,8,11,27,18,16,11,10,4,2,323,3,4,23,5,22,48,3,2,19,3,14,14,31
6,40,0,48,1,13,0,2,97,62,79,190,4,2,65,28,34,13,2,0,179,1,286,66,0,12,402,1,1,2,80,0,181,8,56,48,27,338,144,26,74,19,0,16,19,6,25,5,22,24,3,0,22,21,10,12,25,6,13,9,0,12,8,5,41,2,179,3,2,15,2,11,13,1,2,12,1,10,9,12
0,6,0,0,0,0,0,0,29,4,2,5,0,0,1,4,2,9,1,0,10,0,12,0,13,5,84,14,7,43,137,7,17,14,22,4,4,171,10,2,55,0,0,25,11,4,5,0,0,21,0,0,10,3,0,0,0,16,1,0,0,2,0,0,0,0,27,5,1,7,5,9,15,1,2,10,2,2,0,0
1,35,0,80,0,1,9,0,47,47,48,94,6,0,40,27,40,7,2,33,60,1,239,79,18,13,298,30,0,30,28,1,120,13,49,33,20,301,92,52,82,27,2,15,11,6,20,18,0,43,13,0,0,15,5,7,63,1,4,0,0,3,4,6,60,5,39,0,1,6,2,5,10,1,1,5,2,3,3,51
2,87,46,36,8,11,8,31,119,114,117,355,15,62,149,87,62,28,21,2,294,40,400,215,8,11,569,25,6,18,130,36,229,16,141,71,46,960,72,19,117,6,5,54,59,7,7,7,60,43,32,113,9,34,16,13,7,10,15,0,10,19,11,25,8,5,95,6,4,21,8,12,20,4,3,16,5,14,23,38
15,85,93,91,9,4,8,54,83,85,103,267,8,98,77,42,61,30,9,2,352,0,379,187,7,2,538,25,6,26,193,0,211,17,187,129,16,1140,168,4,182,2,2,38,50,7,8,7,138,24,19,100,14,49,20,10,7,2,38,0,1,20,21,6,5,10,106,2,6,22,10,15,31,5,1,25,1,12,20,34
1,73,147,42,5,4,12,31,90,123,105,334,9,54,114,65,67,14,18,13,298,8,406,197,18,4,412,23,11,20,262,0,258,12,184,114,57,604,262,0,107,33,7,41,24,11,9,5,2,30,57,20,7,29,12,12,17,4,10,0,0,11,14,3,2,1,75,2,4,18,8,12,15,6,2,12,3,27,27,39
8,87,0,32,5,5,12,10,62,84,64,200,24,19,78,64,46,23,8,42,246,2,275,180,11,12,331,12,4,10,128,5,133,4,191,118,80,602,188,87,139,25,12,76,58,6,6,8,12,27,14,0,9,31,13,33,9,3,10,0,18,14,13,7,3,4,85,3,1,20,6,23,42,6,1,11,3,13,19,187
4,50,0,0,5,1,3,2,59,42,64,153,0,2,48,51,48,8,10,0,204,0,300,90,1,6,191,1,1,2,25,0,106,1,96,108,36,325,90,37,18,16,6,67,43,5,4,4,0,1,0,0,3,21,4,4,4,13,7,5,0,3,4,2,2,1,42,2,10,19,7,13,15,3,2,9,1,8,3,133
0,11,0,0,0,2,0,0,15,4,0,0,0,0,2,3,0,0,0,0,7,0,48,31,7,10,82,7,7,7,102,25,14,14,79,43,6,147,5,4,36,0,0,17,10,11,0,0,0,5,3,0,11,1,0,0,0,2,4,0,0,0,4,0,0,0,36,4,0,6,3,10,15,1,1,10,0,7,0,2
0,41,20,2,3,2,10,0,47,53,47,104,20,0,45,38,29,6,0,7,52,0,37,70,1,0,120,4,0,2,13,0,77,2,49,25,51,694,168,60,126,24,1,16,16,2,0,1,11,41,10,0,0,5,1,11,79,1,6,0,1,0,1,3,78,15,31,1,1,8,4,8,12,2,1,6,1,2,10,11
2,77,0,0,4,4,0,31,87,76,83,228,0,69,73,28,44,7,14,0,182,38,214,71,4,0,242,2,1,11,77,22,89,8,90,68,27,329,126,17,61,15,3,23,13,9,4,6,0,76,27,0,24,12,9,5,25,2,6,0,0,8,13,19,29,12,73,3,0,17,4,11,10,3,2,18,0,11,5,8
0,43,194,64,4,7,3,32,62,62,71,185,5,53,39,22,19,11,8,16,233,2,283,80,7,6,433,13,1,4,128,1,197,6,132,85,4,771,61,2,149,4,1,13,26,6,0,1,198,55,22,60,6,4,2,1,0,1,4,0,0,4,8,3,0,7,39,2,2,11,4,8,14,4,1,11,1,12,17,21
12,96,147,54,4,3,13,41,125,86,103,296,31,88,126,69,81,29,18,23,404,0,592,326,0,7,824,8,2,2,118,0,205,0,202,130,18,1218,141,7,156,8,6,41,43,3,3,3,40,110,32,0,2,32,5,11,12,6,31,0,0,21,17,10,2,2,102,0,6,36,7,22,23,5,2,21,5,15,19,29
1,141,13,88,5,5,7,41,72,58,76,291,20,104,113,42,52,17,13,39,144,1,230,157,31,6,374,59,14,44,126,22,133,31,89,47,63,1432,157,66,70,21,5,38,29,5,14,3,4,26,18,0,12,20,9,18,15,8,13,0,29,16,14,11,5,4,91,1,4,11,5,14,14,3,2,19,1,11,16,25
1,38,0,0,2,15,6,0,62,60,52,131,2,0,46,27,49,9,2,0,120,24,353,72,1,14,378,0,25,0,60,0,31,12,105,74,43,1190,94,25,69,35,5,22,20,5,8,4,0,7,5,0,10,17,8,8,4,3,9,0,0,8,6,7,1,0,30,4,1,11,6,10,9,3,1,7,1,8,7,5
0,4,0,0,0,2,0,0,25,9,7,6,0,0,10,10,1,0,1,0,101,0,74,50,0,2,139,0,0,0,104,0,17,0,38,21,2,312,14,7,46,0,1,26,24,1,0,0,0,1,0,0,0,9,0,0,0,0,2,0,0,0,0,0,0,0,34,2,0,2,2,4,12,2,0,7,2,6,0,1
0,36,147,86,2,4,12,0,57,51,40,99,26,0,72,50,42,6,1,25,132,28,181,79,11,8,299,37,22,6,30,0,156,5,90,45,20,854,81,36,190,12,5,62,41,13,18,11,73,141,32,0,23,30,10,5,84,4,50,0,6,7,12,8,94,28,59,7,2,17,7,10,15,3,3,12,3,7,7,17
1,119,38,63,7,11,19,45,148,103,152,468,18,79,99,71,56,39,13,11,328,7,371,311,5,8,809,8,8,11,97,0,373,5,160,86,42,1137,176,29,146,12,3,65,43,12,9,7,92,48,31,260,39,17,17,15,36,13,19,2,1,15,18,23,34,13,189,8,7,24,12,23,57,6,4,41,6,20,11,56
12,91,186,22,5,4,17,64,98,80,73,538,20,68,63,29,42,9,26,3,265,8,473,293,5,30,568,36,4,17,155,31,342,41,114,73,14,830,120,0,101,6,17,72,55,7,8,4,40,70,41,0,9,44,14,13,3,13,14,48,1,21,12,3,1,13,122,2,2,20,12,20,40,7,2,25,1,14,35,71
10,96,0,0,3,3,6,31,73,66,93,289,10,91,76,37,57,10,20,0,124,0,148,109,0,5,396,1,0,1,156,0,136,0,109,62,14,591,89,6,46,18,4,31,27,7,10,2,0,123,22,0,6,8,2,6,4,20,3,25,0,3,4,3,0,12,45,5,6,28,10,21,26,10,7,21,3,14,11,20
10,76,0,34,1,0,16,2,51,40,45,135,7,2,80,48,55,10,5,2,144,11,377,166,6,7,242,32,10,13,116,1,151,12,88,61,70,637,263,74,100,27,4,30,25,11,10,21,11,62,21,100,8,25,12,31,10,7,20,3,0,10,10,9,11,4,58,2,4,15,6,15,15,2,2,13,4,5,9,6
